{
    "lower_bounds": [
        0.0,
        0.0,
        0.0,
        0.0,
        0.29239766081871343,
        5.0,
        400,
        400,
        400,
        400,
        400,
        400,
        400,
        400,
        400,
        400,
        400,
        400,
        400,
        400,
        400,
        400,
        400,
        400,
        400
    ],
    "upper_bounds": [
        0.006,
        0.03,
        0.2,
        1.0,
        0.8771929824561403,
        20.0,
        1000,
        1000,
        1000,
        1000,
        1000,
        1000,
        1000,
        1000,
        1000,
        1000,
        1000,
        1000,
        1000,
        1000,
        1000,
        1000,
        1000,
        1000,
        1000
    ],
    "num_objectives": 2,
    "num_particles": 200,
    "num_params": 25,
    "inertia_weight": 0.5,
    "cognitive_coefficient": 1,
    "social_coefficient": 1,
    "max_iter_no_improv": null,
    "optimization_mode": "global",
    "iteration": 150
}